cohort,Count Borrowers,cumulative_ltv_per_original
2020-09,7561.0,60.61054687206335
2020-10,9575.0,51.921040673776595
2020-11,7864.0,49.771695255711705
2020-12,8097.0,47.11222489761353
2021-01,9477.0,47.85981281691133
2021-02,8556.0,46.94413947590218
2021-03,9309.0,38.05234525445815
2021-04,8673.0,44.23970306632614
2021-05,9496.0,42.56166215316654
2021-06,8698.0,42.886047841847166
2021-07,7230.0,34.95889098119165
2021-08,6451.0,40.81662567619627
2021-09,6875.0,37.93357239553889
